"user","viz","speed","difficulty"
"28CHCCaX86Minmj7c","chart",57.7965,"easy"
"2MRCHFhT65vrXtvJz","chart",35.587,"easy"
"2MejMZLQaWQznRtE2","chart",53.16075,"easy"
"45jqgtswH3drmsjx5","chart",92.59525,"easy"
"4zRq6hPsqtP7FZbhx","chart",35.77875,"easy"
"5JDFvPXkSznwyMAC5","chart",51.12375,"easy"
"6mKtSBrzBBPyic4HP","chart",42.32175,"easy"
"7SnZEt5u4cDaQp3Ti","chart",27.854,"easy"
"7u5XdW2fvvpQyQEw2","chart",37.62625,"easy"
"8GZPtZAAnG8Fm4ciK","chart",40.07725,"easy"
"9pdsf5midvhEDBrQa","chart",48.707,"easy"
"BcJjiDTZjYJvWTCe3","chart",45.1265,"easy"
"CKf5XfBAJpfcGsvT2","chart",49.221,"easy"
"D6XMoj2aKSjtJSEJf","chart",53.8605,"easy"
"EmzJRiyqRKCougYZN","chart",103.69875,"easy"
"Exj6H7bRPSCjPigQm","chart",45.04075,"easy"
"G6zbMK6ZZ9JcN7KgD","chart",31.57025,"easy"
"GDZ999tSLx7bJTjCH","chart",28.8565,"easy"
"HCJjRGzyJLFgbeDem","chart",43.7905,"easy"
"Ke592aJdjyNZ4ntW3","chart",167.9685,"easy"
"KmKn9NMEfj2whSPT2","chart",94.07925,"easy"
"LsyvaxixbfNLFBxLj","chart",41.218,"easy"
"PKgrWHAhesWh7iJ6z","chart",75.105,"easy"
"PpXojivkwpZLtvhh7","chart",62.48775,"easy"
"QzCkGfR5Sqv6EkKD5","chart",45.467,"easy"
"R2xdmvvBWBFZjLLLj","chart",43.3245,"easy"
"R3xdYFqaJp4J3wGF7","chart",45.241,"easy"
"RHxAXBeu3bNHSrwrH","chart",82.24925,"easy"
"SQGukoGkEKRKRwcDQ","chart",43.669,"easy"
"SRXvtxnkZ3oFdqzLQ","chart",36.06625,"easy"
"SbBJYTDgm6FCG7xGG","chart",24.904,"easy"
"Snxk6v7KGNcD3omw3","chart",43.81375,"easy"
"SyhdSuB4y9NgPMA6H","chart",87.5375,"easy"
"W9KmHzPDL9zgejZBv","chart",48.6255,"easy"
"WT6eAuzxb2q9D2dKy","chart",44.9895,"easy"
"Y8MQD9crBw3XCtvHa","chart",59.1565,"easy"
"Y8eiaT7fnGm8vH2s9","chart",46.6345,"easy"
"YL7udNgoFoKPu5hF5","chart",61.687,"easy"
"Yr5Zvv6H9SZSqizrr","chart",43.578,"easy"
"ZBLBSAhYkJ4YhKXHy","chart",76.3485,"easy"
"ZLTTgMCadn3BcvAuZ","chart",35.21575,"easy"
"Zozdc9QR8pqdDuEwD","chart",77.96025,"easy"
"ZvNs6QCxpMBYhpfAo","chart",66.04025,"easy"
"aKpbREh99H6n95KiC","chart",65.73625,"easy"
"bByT7Rh9roCmbqaGC","chart",30.26275,"easy"
"bsEpkh7YojCJLghEd","chart",57.18775,"easy"
"cgYyY4fTJXA56ctZL","chart",53.8695,"easy"
"cr57saSB3apE9rfTz","chart",68.41025,"easy"
"d4WEZyZkMm48TdGgs","chart",77.99575,"easy"
"dYCJXPSnQ9T3YobK4","chart",56.424,"easy"
"dZ8KiZZ2E3tazJAkN","chart",41.36775,"easy"
"deejY9yj8hNefPrXY","chart",127.49175,"easy"
"dmd8zDgoEDghk799k","chart",60.47725,"easy"
"g5GEZn5hfoCkLqBLv","chart",39.514,"easy"
"gfs5G7LwXHLy9S5MP","chart",131.2775,"easy"
"ghaAPFo6Xv3B9BZLK","chart",88.09775,"easy"
"hPNTYGwERATDGDmLd","chart",33.9745,"easy"
"iQNwNrzPorJeZRigg","chart",71.92275,"easy"
"iZc3BMSXq68FKL3J8","chart",75.78275,"easy"
"jW8hRMBPdt2SJEhZK","chart",87.7515,"easy"
"k3iaj4mXTYFhTQGFJ","chart",41.0025,"easy"
"kE4E4E2Zi474xtpKz","chart",151.589,"easy"
"mTp5RGkhAozn3pQki","chart",74.5005,"easy"
"nisosFZ4dTEcXEdk3","chart",33.829,"easy"
"oS6C28ZBbcjF9ig5X","chart",29.36625,"easy"
"op7kCpeMH7kgetiMX","chart",110.0305,"easy"
"pBWdGHFmTu4Qw4snK","chart",60.90625,"easy"
"pBZkpnAEoktK8YKwE","chart",49.53975,"easy"
"qJgXxS5NHQc7JKZkA","chart",11.1435,"easy"
"qtXFYALWvHiRafMvt","chart",36.0325,"easy"
"rd8ivR2ve6AZXcqWp","chart",40.89275,"easy"
"rpWb9YHJxpBKBy7pb","chart",62.225,"easy"
"sF9AdTFX7AJhypvCG","chart",56.8415,"easy"
"t44ry6X7EnsvdqB6P","chart",89.77575,"easy"
"tPBRJZguAyGyNN4H8","chart",103.47925,"easy"
"tk8k2evrrS3s6Yw36","chart",40.659,"easy"
"vAm5piEWXfCXNsY7B","chart",53.26075,"easy"
"vF4rwKEvi8otv5Pmx","chart",75.05,"easy"
"vKEtys3s8MppqDY9s","chart",54.964,"easy"
"w9xJDy63X4ixWuFvo","chart",39.893,"easy"
"wHETwTGT8FX5gYBH3","chart",47.13175,"easy"
"xHrZaMN5Gg4n9xQsT","chart",65.27225,"easy"
"xsLJWtHndc8s8WCce","chart",86.2035,"easy"
"zncMWhGYQGmJSzXqa","chart",60.0215,"easy"
"2Q34zAD2zTXRBaKu8","series",79.05875,"easy"
"2pWSXLKqvCx7eLRHz","series",37.83725,"easy"
"44MoHdTtHYg8Qim7C","series",80.63175,"easy"
"5jp6HzWG9rMCBuRir","series",42.19625,"easy"
"67e6Jh7hWzotbX4Er","series",85.42125,"easy"
"6YiN7fLiZ8SDvsbLQ","series",58.1305,"easy"
"6zyqucmdag4Xa4iSN","series",82.751,"easy"
"7kwt7pEsqN4qM28QR","series",65.86275,"easy"
"7rxAoRJmJHaX26cqT","series",48.616,"easy"
"83NZFPecaGdFaxyyt","series",65.1855,"easy"
"8mqew4zMANoi4fjsz","series",71.18425,"easy"
"9bnFuHDpLcZFdwqxW","series",65.0185,"easy"
"BgpK75C5uxeoHow2C","series",42.741,"easy"
"CBdaPJBEBq2xTJvgi","series",34.67775,"easy"
"CzQsYF2oyREYEL3px","series",35.34625,"easy"
"DAK7qCYagGXaKmTZy","series",56.04025,"easy"
"DpfKW34oXPR9XvjKQ","series",55.2975,"easy"
"EB2LaCrRfSNBuQ4vZ","series",95.52625,"easy"
"EbtiYzqZtKd68LSjv","series",58.10525,"easy"
"Eqn4ype3Z9xvpy6jD","series",51.90925,"easy"
"FMACGWEb2mpFmzcy8","series",94.173,"easy"
"FTWQdHzfYQebiCvue","series",53.922,"easy"
"FqCqdGdj9BARepSne","series",55.67975,"easy"
"HR5hGs4XkMDoDYfhQ","series",79.3325,"easy"
"HStqpovWTqfwSwfpC","series",58.969,"easy"
"HSzZRx9bSdXWiRdLk","series",64.84275,"easy"
"HYLe8iN7tKsJQZQjt","series",58.2765,"easy"
"HpKs8JeagNQCAHcYx","series",49.61025,"easy"
"HttjEXro9w8B2reDD","series",75.52975,"easy"
"JqfvicGQJXeeKRJ64","series",60.8465,"easy"
"JtNC5LZmmsmt7BrXm","series",101.0515,"easy"
"KBG93DoQC4YeksP73","series",42.21275,"easy"
"KDkcqMDJgbEfuyecm","series",65.703,"easy"
"KSaHABwnWq7vMF8ud","series",46.5995,"easy"
"KXyDP5KMrmHR7bWvw","series",43.63125,"easy"
"KeeScEwzE7d7Y8pjM","series",64.9605,"easy"
"Ks7TdoNZwHMhapYuY","series",47.4635,"easy"
"L6hhWSmzt5Gre4bMc","series",93.6765,"easy"
"NLnWB24ANhreeNFuh","series",49.10325,"easy"
"NZrcevWgubZ6E9Lc4","series",81.7855,"easy"
"NisupxDZ8oQayBpB5","series",45.27225,"easy"
"NzaXeMLv7jexivZFF","series",77.85825,"easy"
"SQHrrqMRPZPWfD6d3","series",83.7305,"easy"
"SphgvbbrKkYNYaWNd","series",87.339,"easy"
"TJadZckir3gGdGQj9","series",69.0705,"easy"
"TZKHo2T9ywkiKhPyX","series",82.88475,"easy"
"TbhJt2kCMtWXJ387e","series",105.93325,"easy"
"W7XciYuzprjnwgbTP","series",32.06425,"easy"
"WW9zqyfyPHjFS6fPR","series",36.638,"easy"
"We3Btupw8RnuCSnYC","series",51.105,"easy"
"YDbqWAi595CRKxbjf","series",93.85125,"easy"
"YJzWPZRYPHG3rRrBw","series",33.0705,"easy"
"YSX6542MwRYTZdDFW","series",100.6895,"easy"
"Z3aTLPbG8wvPy6TzA","series",58.0865,"easy"
"ZHNtTdcsi2rTaqr3H","series",103.7695,"easy"
"ZinxDRBpTmbfPbyh3","series",117.17525,"easy"
"anADbMMrWqwy5fpXL","series",52.23425,"easy"
"dLfWKPg4vzZENza7s","series",28.53575,"easy"
"dtQA2mR79kEjZbCtx","series",75.5825,"easy"
"eJLcPS8n3aLYMZetQ","series",25.3245,"easy"
"eWYf558HzqZYTLXjd","series",82.84975,"easy"
"eneKDk3QDTpghzkg5","series",67.45175,"easy"
"fJ9m7KSykZNBKraP9","series",107.64975,"easy"
"fnybrL5hbku3RuxsW","series",73.79075,"easy"
"fqMr9DzgADfvbhEFP","series",64.0095,"easy"
"g8752kBeS4S7Q2bFZ","series",65.57725,"easy"
"gjHnYbyFFisfigApY","series",78.51625,"easy"
"hgYDJshRwxs7egfvX","series",66.32475,"easy"
"iACT8Wc9PosXt7xH6","series",41.74775,"easy"
"jT3SAdPp5gfHr4k4n","series",64.903,"easy"
"jbuSnNTzpPv7iQPGq","series",77.48275,"easy"
"kJCFGZGPqBPM5NiEu","series",46.59375,"easy"
"kuA7hMBw2iFfwZ9fw","series",68.76025,"easy"
"mh9p2kSQWvM8uAEK7","series",28.85275,"easy"
"nAPiCihqksXL2XbTM","series",76.08325,"easy"
"nPCqhcMdGm39zbLEe","series",62.306,"easy"
"nnqqJDqAKBySbdvdE","series",43.70575,"easy"
"obXkTyEzXzSrubofE","series",48.82275,"easy"
"qNMBxhDWJv2wbJPzh","series",72.9095,"easy"
"qZwnWqNYBMnLCHzz2","series",48.537,"easy"
"qjzv49dPMBpv5LSyA","series",43.4505,"easy"
"rP3cpBASPsit6sCMQ","series",40.14675,"easy"
"sndaJBRShTy4bzbPq","series",57.22225,"easy"
"stmcDKF2QPkaxzcxZ","series",78.795,"easy"
"uTbjZ8i4j5enGeHvQ","series",91.22825,"easy"
"uf8PMATFx4hCcscLz","series",54.0185,"easy"
"vF6k2cJjTXN2jH9Jj","series",71.512,"easy"
"vSzr7miAEFuvzip2b","series",47.383,"easy"
"vTe2CEZbj9q8wkhYc","series",95.4105,"easy"
"vhAsiBXaDHghxPSTn","series",44.0845,"easy"
"wHpjq3hzhkJu5kNHm","series",70.27225,"easy"
"wRfXsATRbv699hZeG","series",45.18075,"easy"
"wpHaTDLSHxwWcei3T","series",55.65775,"easy"
"wsybRyehJdJyxLfCS","series",26.81525,"easy"
"wtNK7f3ZzgkWHgCEN","series",46.17575,"easy"
"wyjoPhnY2LzWWZAAh","series",55.991,"easy"
"xrzoyr6xvKMK57tSi","series",57.50375,"easy"
"yMWvDqhxa73veYGvv","series",37.97875,"easy"
"44Q3cDweeZi2KdNrQ","dots",45.15175,"easy"
"49wAhBNrW23jx3XXn","dots",30.0345,"easy"
"4k5RPShwnGPRsGyT5","dots",39.84725,"easy"
"4yFSjAcLo8Xpb5NBr","dots",39.99725,"easy"
"565FWNPmM73esEnv7","dots",55.258,"easy"
"5L4DdJBz8gq2Fug2c","dots",35.6575,"easy"
"6bJLH7KTRKX24rdzY","dots",43.688,"easy"
"6hgn73CdCNRrsor7j","dots",47.9995,"easy"
"6saGvz5mG5TgySvef","dots",44.32,"easy"
"6uWMQQ6rvPijqaHNb","dots",54.606,"easy"
"6w7CZYGQNDrpj7Dfp","dots",37.67525,"easy"
"7mkiJ4PwnZGd2X5r3","dots",61.47875,"easy"
"7sxqmnM8jPLCjgvur","dots",72.87875,"easy"
"BGRvy45SSZdLGcDG9","dots",59.708,"easy"
"BRKEpiDsoBxXrNKWE","dots",51.85475,"easy"
"ChMyMnHcj3MDEjgQT","dots",60.593,"easy"
"DAF22qWpCZ47gHCzY","dots",6.80325,"easy"
"DejXtMhqHs5NKZnzH","dots",55.03825,"easy"
"G6dBvgqckNkQ6g2gB","dots",69.27425,"easy"
"GEZt6ZhsCGbMQtuXb","dots",37.35975,"easy"
"GJs3xFDrbmEwXYAkh","dots",59.569,"easy"
"GM4BbQSYSjxzjrERS","dots",78.20375,"easy"
"JTxorRPnKEGqjSq4K","dots",79.5,"easy"
"Je8XpG9m9hC9hToY4","dots",64.339,"easy"
"JkH5ARHNWebYz6nGM","dots",58.43525,"easy"
"JodzAGSWFtbvdeSqk","dots",7.01175,"easy"
"KT37QyJpjP4JnFivG","dots",110.8535,"easy"
"LHMtg4o7REozFZQst","dots",43.78975,"easy"
"LzuRw7CoatTcNqkTa","dots",68.86025,"easy"
"NQCMNnTz4xWZApaQB","dots",6.89725,"easy"
"NWX67F5zDpwL4WnxW","dots",43.74725,"easy"
"PwEBrnoa3rZjouL34","dots",43.0765,"easy"
"QYunZ6tMA7J26vjAd","dots",177.90075,"easy"
"So6vS7RTzcjczT2Ez","dots",62.33275,"easy"
"TX9Dts9gXNPXMz8rB","dots",44.3595,"easy"
"TkfAAFTqB28dK39oz","dots",91.9305,"easy"
"WP5PCfQxB3wEAurmg","dots",58.9745,"easy"
"XYBg97mNbPsE3LvZ3","dots",9.0555,"easy"
"Xvfo9pTPRFTcRWZjk","dots",37.86625,"easy"
"YuvzrAZxcQM3iybyi","dots",118.68375,"easy"
"Z6Hs8C578xLyc3mPW","dots",10.45575,"easy"
"bLmrD6kL2LcejcDGG","dots",62.512,"easy"
"bNfX5RtGxcjjEaQnm","dots",62.0445,"easy"
"ciXN2wMuNmuSQ39g2","dots",32.06575,"easy"
"eFKFSc7w9LpttzJXf","dots",25.7565,"easy"
"eH6KnmqCsvg7MYmLA","dots",37.37475,"easy"
"eneTp6w6pA84Mei59","dots",69.77825,"easy"
"fZtpasQDW9KEkvNvm","dots",66.61225,"easy"
"gg3R6eX4snK5WPerg","dots",54.986,"easy"
"gkKbippZgDj7cmuE5","dots",42.938,"easy"
"gmhXAx3kc6sHGYumc","dots",60.26275,"easy"
"gmmuoNCkMmb4GrMiY","dots",62.97025,"easy"
"h5YWLzcpNyYqbXw6v","dots",40.15975,"easy"
"iZbujpH9ftg6KsTR6","dots",81.28875,"easy"
"in8NNmBKCnkoLWHvR","dots",20.502,"easy"
"jXZn9X83ef2JJBFwg","dots",48.21725,"easy"
"jpmvJFJDkAy6Qsaxi","dots",103.4155,"easy"
"kR9gXGwgC2SnJsu6q","dots",52.91975,"easy"
"mHBGJAQ8ExL8qY4gi","dots",93.492,"easy"
"mjy4Mv3a2yGaMpc4E","dots",69.12375,"easy"
"nFDdWcuugyswBQCMR","dots",60.283,"easy"
"oA48TCv4sRFG3ocsX","dots",56.106,"easy"
"oTWN3XnRXhqpNGZsP","dots",54.857,"easy"
"paX4nvBm9jwDpdR2J","dots",37.89125,"easy"
"qgzmQ77MB9AKcE9Fy","dots",48.569,"easy"
"qzH7FmBcioiJyuEnY","dots",93.76325,"easy"
"rdBwKfSNTAKQWpsGh","dots",72.35625,"easy"
"rvn8bRwTMatqzgReu","dots",27.09875,"easy"
"s3gy6QAtbGfSsgnXT","dots",77.278,"easy"
"sGYHFWE6HoCL7BoJg","dots",71.691,"easy"
"tjHryQhhrgRv3h48J","dots",164.152,"easy"
"toJyc3up66AxtgvGn","dots",67.34375,"easy"
"tu5iL4cwMnkixZFxs","dots",26.18775,"easy"
"uMwnMRnysYSSHpj3X","dots",45.85875,"easy"
"vZtpvuvY6fsNSzFsW","dots",57.67975,"easy"
"wC882gjwdsRsQ8iiS","dots",44.7085,"easy"
"wGNymGb9TrqzwJTbo","dots",45.521,"easy"
"wThHEfiYtJwhzCsau","dots",63.08775,"easy"
"whoCwcBHkH2qigHRq","dots",50.5135,"easy"
"xqXfF5CnyCgkFJ6a3","dots",44.971,"easy"
"y6hCAEa6pDy8Gbm67","dots",33.92975,"easy"
"yDuMqTgtWc4G2LQR7","dots",34.6985,"easy"
"yqGbGwB4rJziABCxB","dots",37.1515,"easy"
"28CHCCaX86Minmj7c","chart",30.452,"medium"
"2MRCHFhT65vrXtvJz","chart",36.91325,"medium"
"2MejMZLQaWQznRtE2","chart",49.188,"medium"
"45jqgtswH3drmsjx5","chart",68.44425,"medium"
"4zRq6hPsqtP7FZbhx","chart",30.45975,"medium"
"5JDFvPXkSznwyMAC5","chart",44.18125,"medium"
"6mKtSBrzBBPyic4HP","chart",33.289,"medium"
"7SnZEt5u4cDaQp3Ti","chart",37.2735,"medium"
"7u5XdW2fvvpQyQEw2","chart",25.67025,"medium"
"8GZPtZAAnG8Fm4ciK","chart",33.5485,"medium"
"9pdsf5midvhEDBrQa","chart",51.069,"medium"
"BcJjiDTZjYJvWTCe3","chart",74.29275,"medium"
"CKf5XfBAJpfcGsvT2","chart",35.70225,"medium"
"D6XMoj2aKSjtJSEJf","chart",36.82775,"medium"
"EmzJRiyqRKCougYZN","chart",27.20975,"medium"
"Exj6H7bRPSCjPigQm","chart",47.64775,"medium"
"G6zbMK6ZZ9JcN7KgD","chart",35.446,"medium"
"GDZ999tSLx7bJTjCH","chart",15.0585,"medium"
"HCJjRGzyJLFgbeDem","chart",49.622,"medium"
"Ke592aJdjyNZ4ntW3","chart",45.03725,"medium"
"KmKn9NMEfj2whSPT2","chart",40.939,"medium"
"LsyvaxixbfNLFBxLj","chart",47.6185,"medium"
"PKgrWHAhesWh7iJ6z","chart",50.6355,"medium"
"PpXojivkwpZLtvhh7","chart",52.05525,"medium"
"QzCkGfR5Sqv6EkKD5","chart",35.62,"medium"
"R2xdmvvBWBFZjLLLj","chart",57.3955,"medium"
"R3xdYFqaJp4J3wGF7","chart",28.2095,"medium"
"RHxAXBeu3bNHSrwrH","chart",82.48875,"medium"
"SQGukoGkEKRKRwcDQ","chart",35.66,"medium"
"SRXvtxnkZ3oFdqzLQ","chart",37.1235,"medium"
"SbBJYTDgm6FCG7xGG","chart",19.8985,"medium"
"Snxk6v7KGNcD3omw3","chart",40.23125,"medium"
"SyhdSuB4y9NgPMA6H","chart",40.81925,"medium"
"W9KmHzPDL9zgejZBv","chart",68.3585,"medium"
"WT6eAuzxb2q9D2dKy","chart",37.967,"medium"
"Y8MQD9crBw3XCtvHa","chart",50.3465,"medium"
"Y8eiaT7fnGm8vH2s9","chart",39.13375,"medium"
"YL7udNgoFoKPu5hF5","chart",42.98275,"medium"
"Yr5Zvv6H9SZSqizrr","chart",35.142,"medium"
"ZBLBSAhYkJ4YhKXHy","chart",54.71825,"medium"
"ZLTTgMCadn3BcvAuZ","chart",47.30725,"medium"
"Zozdc9QR8pqdDuEwD","chart",48.3255,"medium"
"ZvNs6QCxpMBYhpfAo","chart",60.5705,"medium"
"aKpbREh99H6n95KiC","chart",42.78825,"medium"
"bByT7Rh9roCmbqaGC","chart",32.00675,"medium"
"bsEpkh7YojCJLghEd","chart",57.01575,"medium"
"cgYyY4fTJXA56ctZL","chart",38.979,"medium"
"cr57saSB3apE9rfTz","chart",45.2375,"medium"
"d4WEZyZkMm48TdGgs","chart",69.51175,"medium"
"dYCJXPSnQ9T3YobK4","chart",40.25175,"medium"
"dZ8KiZZ2E3tazJAkN","chart",102.2625,"medium"
"deejY9yj8hNefPrXY","chart",74.87175,"medium"
"dmd8zDgoEDghk799k","chart",111.424,"medium"
"g5GEZn5hfoCkLqBLv","chart",19.78975,"medium"
"gfs5G7LwXHLy9S5MP","chart",47.2755,"medium"
"ghaAPFo6Xv3B9BZLK","chart",39.9245,"medium"
"hPNTYGwERATDGDmLd","chart",31.285,"medium"
"iQNwNrzPorJeZRigg","chart",44.8345,"medium"
"iZc3BMSXq68FKL3J8","chart",53.172,"medium"
"jW8hRMBPdt2SJEhZK","chart",38.531,"medium"
"k3iaj4mXTYFhTQGFJ","chart",16.70075,"medium"
"kE4E4E2Zi474xtpKz","chart",104.551,"medium"
"mTp5RGkhAozn3pQki","chart",80.41075,"medium"
"nisosFZ4dTEcXEdk3","chart",39.5785,"medium"
"oS6C28ZBbcjF9ig5X","chart",27.16225,"medium"
"op7kCpeMH7kgetiMX","chart",54.267,"medium"
"pBWdGHFmTu4Qw4snK","chart",33.07125,"medium"
"pBZkpnAEoktK8YKwE","chart",26.84425,"medium"
"qJgXxS5NHQc7JKZkA","chart",14.14725,"medium"
"qtXFYALWvHiRafMvt","chart",29.22775,"medium"
"rd8ivR2ve6AZXcqWp","chart",33.4895,"medium"
"rpWb9YHJxpBKBy7pb","chart",57.70325,"medium"
"sF9AdTFX7AJhypvCG","chart",70.3295,"medium"
"t44ry6X7EnsvdqB6P","chart",75.664,"medium"
"tPBRJZguAyGyNN4H8","chart",52.16775,"medium"
"tk8k2evrrS3s6Yw36","chart",20.53275,"medium"
"vAm5piEWXfCXNsY7B","chart",65.384,"medium"
"vF4rwKEvi8otv5Pmx","chart",58.95825,"medium"
"vKEtys3s8MppqDY9s","chart",44.71725,"medium"
"w9xJDy63X4ixWuFvo","chart",52.378,"medium"
"wHETwTGT8FX5gYBH3","chart",31.62475,"medium"
"xHrZaMN5Gg4n9xQsT","chart",62.01275,"medium"
"xsLJWtHndc8s8WCce","chart",42.54425,"medium"
"zncMWhGYQGmJSzXqa","chart",55.605,"medium"
"2Q34zAD2zTXRBaKu8","series",67.70075,"medium"
"2pWSXLKqvCx7eLRHz","series",27.50575,"medium"
"44MoHdTtHYg8Qim7C","series",34.985,"medium"
"5jp6HzWG9rMCBuRir","series",60.92875,"medium"
"67e6Jh7hWzotbX4Er","series",88.68625,"medium"
"6YiN7fLiZ8SDvsbLQ","series",52.32625,"medium"
"6zyqucmdag4Xa4iSN","series",38.8275,"medium"
"7kwt7pEsqN4qM28QR","series",134.268,"medium"
"7rxAoRJmJHaX26cqT","series",38.38425,"medium"
"83NZFPecaGdFaxyyt","series",41.944,"medium"
"8mqew4zMANoi4fjsz","series",90.43,"medium"
"9bnFuHDpLcZFdwqxW","series",39.69475,"medium"
"BgpK75C5uxeoHow2C","series",38.35,"medium"
"CBdaPJBEBq2xTJvgi","series",23.5175,"medium"
"CzQsYF2oyREYEL3px","series",28.3645,"medium"
"DAK7qCYagGXaKmTZy","series",45.8105,"medium"
"DpfKW34oXPR9XvjKQ","series",91.15625,"medium"
"EB2LaCrRfSNBuQ4vZ","series",36.142,"medium"
"EbtiYzqZtKd68LSjv","series",51.77075,"medium"
"Eqn4ype3Z9xvpy6jD","series",76.147,"medium"
"FMACGWEb2mpFmzcy8","series",36.89675,"medium"
"FTWQdHzfYQebiCvue","series",41.5525,"medium"
"FqCqdGdj9BARepSne","series",31.135,"medium"
"HR5hGs4XkMDoDYfhQ","series",63.32825,"medium"
"HStqpovWTqfwSwfpC","series",45.48225,"medium"
"HSzZRx9bSdXWiRdLk","series",34.467,"medium"
"HYLe8iN7tKsJQZQjt","series",52.60825,"medium"
"HpKs8JeagNQCAHcYx","series",31.04675,"medium"
"HttjEXro9w8B2reDD","series",57.63375,"medium"
"JqfvicGQJXeeKRJ64","series",65.0145,"medium"
"JtNC5LZmmsmt7BrXm","series",56.0645,"medium"
"KBG93DoQC4YeksP73","series",38.37325,"medium"
"KDkcqMDJgbEfuyecm","series",41.34775,"medium"
"KSaHABwnWq7vMF8ud","series",42.18675,"medium"
"KXyDP5KMrmHR7bWvw","series",34.483,"medium"
"KeeScEwzE7d7Y8pjM","series",48.05125,"medium"
"Ks7TdoNZwHMhapYuY","series",48.19025,"medium"
"L6hhWSmzt5Gre4bMc","series",51.04475,"medium"
"NLnWB24ANhreeNFuh","series",40.57875,"medium"
"NZrcevWgubZ6E9Lc4","series",55.29525,"medium"
"NisupxDZ8oQayBpB5","series",26.97,"medium"
"NzaXeMLv7jexivZFF","series",127.2925,"medium"
"SQHrrqMRPZPWfD6d3","series",48.11225,"medium"
"SphgvbbrKkYNYaWNd","series",51.2475,"medium"
"TJadZckir3gGdGQj9","series",71.24825,"medium"
"TZKHo2T9ywkiKhPyX","series",44.608,"medium"
"TbhJt2kCMtWXJ387e","series",49.05125,"medium"
"W7XciYuzprjnwgbTP","series",43.56025,"medium"
"WW9zqyfyPHjFS6fPR","series",40.18575,"medium"
"We3Btupw8RnuCSnYC","series",49.34425,"medium"
"YDbqWAi595CRKxbjf","series",65.25625,"medium"
"YJzWPZRYPHG3rRrBw","series",35.07825,"medium"
"YSX6542MwRYTZdDFW","series",60.2915,"medium"
"Z3aTLPbG8wvPy6TzA","series",30.728,"medium"
"ZHNtTdcsi2rTaqr3H","series",32.44975,"medium"
"ZinxDRBpTmbfPbyh3","series",61.2435,"medium"
"anADbMMrWqwy5fpXL","series",60.5595,"medium"
"dLfWKPg4vzZENza7s","series",28.05975,"medium"
"dtQA2mR79kEjZbCtx","series",55.75675,"medium"
"eJLcPS8n3aLYMZetQ","series",19.8345,"medium"
"eWYf558HzqZYTLXjd","series",90.27125,"medium"
"eneKDk3QDTpghzkg5","series",42.5195,"medium"
"fJ9m7KSykZNBKraP9","series",78.45375,"medium"
"fnybrL5hbku3RuxsW","series",50.12725,"medium"
"fqMr9DzgADfvbhEFP","series",51.244,"medium"
"g8752kBeS4S7Q2bFZ","series",54.16025,"medium"
"gjHnYbyFFisfigApY","series",52.83725,"medium"
"hgYDJshRwxs7egfvX","series",62.0075,"medium"
"iACT8Wc9PosXt7xH6","series",34.7685,"medium"
"jT3SAdPp5gfHr4k4n","series",75.955,"medium"
"jbuSnNTzpPv7iQPGq","series",46.865,"medium"
"kJCFGZGPqBPM5NiEu","series",30.2645,"medium"
"kuA7hMBw2iFfwZ9fw","series",50.30925,"medium"
"mh9p2kSQWvM8uAEK7","series",22.61625,"medium"
"nAPiCihqksXL2XbTM","series",60.075,"medium"
"nPCqhcMdGm39zbLEe","series",36.688,"medium"
"nnqqJDqAKBySbdvdE","series",33.786,"medium"
"obXkTyEzXzSrubofE","series",63.944,"medium"
"qNMBxhDWJv2wbJPzh","series",103.54875,"medium"
"qZwnWqNYBMnLCHzz2","series",31.4385,"medium"
"qjzv49dPMBpv5LSyA","series",61.61475,"medium"
"rP3cpBASPsit6sCMQ","series",36.1185,"medium"
"sndaJBRShTy4bzbPq","series",30.7745,"medium"
"stmcDKF2QPkaxzcxZ","series",39.611,"medium"
"uTbjZ8i4j5enGeHvQ","series",107.32925,"medium"
"uf8PMATFx4hCcscLz","series",43.0525,"medium"
"vF6k2cJjTXN2jH9Jj","series",45.80975,"medium"
"vSzr7miAEFuvzip2b","series",48.37525,"medium"
"vTe2CEZbj9q8wkhYc","series",83.3055,"medium"
"vhAsiBXaDHghxPSTn","series",27.577,"medium"
"wHpjq3hzhkJu5kNHm","series",42.44675,"medium"
"wRfXsATRbv699hZeG","series",39.3365,"medium"
"wpHaTDLSHxwWcei3T","series",60.1305,"medium"
"wsybRyehJdJyxLfCS","series",30.92325,"medium"
"wtNK7f3ZzgkWHgCEN","series",68.86675,"medium"
"wyjoPhnY2LzWWZAAh","series",36.7425,"medium"
"xrzoyr6xvKMK57tSi","series",49.53475,"medium"
"yMWvDqhxa73veYGvv","series",28.703,"medium"
"44Q3cDweeZi2KdNrQ","dots",38.17525,"medium"
"49wAhBNrW23jx3XXn","dots",9.59875,"medium"
"4k5RPShwnGPRsGyT5","dots",33.6055,"medium"
"4yFSjAcLo8Xpb5NBr","dots",37.449,"medium"
"565FWNPmM73esEnv7","dots",41.05,"medium"
"5L4DdJBz8gq2Fug2c","dots",74.793,"medium"
"6bJLH7KTRKX24rdzY","dots",38.01375,"medium"
"6hgn73CdCNRrsor7j","dots",26.94325,"medium"
"6saGvz5mG5TgySvef","dots",38.404,"medium"
"6uWMQQ6rvPijqaHNb","dots",71.141,"medium"
"6w7CZYGQNDrpj7Dfp","dots",34.07625,"medium"
"7mkiJ4PwnZGd2X5r3","dots",76.766,"medium"
"7sxqmnM8jPLCjgvur","dots",69.61225,"medium"
"BGRvy45SSZdLGcDG9","dots",41.98525,"medium"
"BRKEpiDsoBxXrNKWE","dots",60.97975,"medium"
"ChMyMnHcj3MDEjgQT","dots",49.10275,"medium"
"DAF22qWpCZ47gHCzY","dots",8.58925,"medium"
"DejXtMhqHs5NKZnzH","dots",84.52875,"medium"
"G6dBvgqckNkQ6g2gB","dots",55.1355,"medium"
"GEZt6ZhsCGbMQtuXb","dots",35.13375,"medium"
"GJs3xFDrbmEwXYAkh","dots",104.45825,"medium"
"GM4BbQSYSjxzjrERS","dots",77.47575,"medium"
"JTxorRPnKEGqjSq4K","dots",70.41625,"medium"
"Je8XpG9m9hC9hToY4","dots",29.23825,"medium"
"JkH5ARHNWebYz6nGM","dots",48.145,"medium"
"JodzAGSWFtbvdeSqk","dots",6.7775,"medium"
"KT37QyJpjP4JnFivG","dots",156.85075,"medium"
"LHMtg4o7REozFZQst","dots",62.96675,"medium"
"LzuRw7CoatTcNqkTa","dots",51.03975,"medium"
"NQCMNnTz4xWZApaQB","dots",6.7565,"medium"
"NWX67F5zDpwL4WnxW","dots",30.7175,"medium"
"PwEBrnoa3rZjouL34","dots",26.14475,"medium"
"QYunZ6tMA7J26vjAd","dots",45.27625,"medium"
"So6vS7RTzcjczT2Ez","dots",42.18925,"medium"
"TX9Dts9gXNPXMz8rB","dots",25.712,"medium"
"TkfAAFTqB28dK39oz","dots",55.03775,"medium"
"WP5PCfQxB3wEAurmg","dots",49.5205,"medium"
"XYBg97mNbPsE3LvZ3","dots",8.9605,"medium"
"Xvfo9pTPRFTcRWZjk","dots",39.72725,"medium"
"YuvzrAZxcQM3iybyi","dots",46.20825,"medium"
"Z6Hs8C578xLyc3mPW","dots",6.9865,"medium"
"bLmrD6kL2LcejcDGG","dots",49.17225,"medium"
"bNfX5RtGxcjjEaQnm","dots",53.86775,"medium"
"ciXN2wMuNmuSQ39g2","dots",31.8835,"medium"
"eFKFSc7w9LpttzJXf","dots",29.706,"medium"
"eH6KnmqCsvg7MYmLA","dots",33.285,"medium"
"eneTp6w6pA84Mei59","dots",56.7015,"medium"
"fZtpasQDW9KEkvNvm","dots",109.4605,"medium"
"gg3R6eX4snK5WPerg","dots",41.56425,"medium"
"gkKbippZgDj7cmuE5","dots",22.17375,"medium"
"gmhXAx3kc6sHGYumc","dots",63.0335,"medium"
"gmmuoNCkMmb4GrMiY","dots",53.53975,"medium"
"h5YWLzcpNyYqbXw6v","dots",7.063,"medium"
"iZbujpH9ftg6KsTR6","dots",77.65825,"medium"
"in8NNmBKCnkoLWHvR","dots",15.829,"medium"
"jXZn9X83ef2JJBFwg","dots",28.1925,"medium"
"jpmvJFJDkAy6Qsaxi","dots",35.066,"medium"
"kR9gXGwgC2SnJsu6q","dots",26.22825,"medium"
"mHBGJAQ8ExL8qY4gi","dots",83.9285,"medium"
"mjy4Mv3a2yGaMpc4E","dots",164.16975,"medium"
"nFDdWcuugyswBQCMR","dots",43.634,"medium"
"oA48TCv4sRFG3ocsX","dots",53.24425,"medium"
"oTWN3XnRXhqpNGZsP","dots",44.18775,"medium"
"paX4nvBm9jwDpdR2J","dots",24.44325,"medium"
"qgzmQ77MB9AKcE9Fy","dots",32.701,"medium"
"qzH7FmBcioiJyuEnY","dots",54.23375,"medium"
"rdBwKfSNTAKQWpsGh","dots",72.81875,"medium"
"rvn8bRwTMatqzgReu","dots",32.50875,"medium"
"s3gy6QAtbGfSsgnXT","dots",56.99525,"medium"
"sGYHFWE6HoCL7BoJg","dots",78.8725,"medium"
"tjHryQhhrgRv3h48J","dots",54.7185,"medium"
"toJyc3up66AxtgvGn","dots",67.13975,"medium"
"tu5iL4cwMnkixZFxs","dots",26.92525,"medium"
"uMwnMRnysYSSHpj3X","dots",71.42075,"medium"
"vZtpvuvY6fsNSzFsW","dots",37.1075,"medium"
"wC882gjwdsRsQ8iiS","dots",28.9095,"medium"
"wGNymGb9TrqzwJTbo","dots",33.87575,"medium"
"wThHEfiYtJwhzCsau","dots",42.528,"medium"
"whoCwcBHkH2qigHRq","dots",59.422,"medium"
"xqXfF5CnyCgkFJ6a3","dots",60.84975,"medium"
"y6hCAEa6pDy8Gbm67","dots",31.2985,"medium"
"yDuMqTgtWc4G2LQR7","dots",41.644,"medium"
"yqGbGwB4rJziABCxB","dots",23.9195,"medium"
"28CHCCaX86Minmj7c","chart",63.87025,"hard"
"2MRCHFhT65vrXtvJz","chart",39.22925,"hard"
"2MejMZLQaWQznRtE2","chart",48.92425,"hard"
"45jqgtswH3drmsjx5","chart",59.74225,"hard"
"4zRq6hPsqtP7FZbhx","chart",40.3515,"hard"
"5JDFvPXkSznwyMAC5","chart",42.155,"hard"
"6mKtSBrzBBPyic4HP","chart",39.83075,"hard"
"7SnZEt5u4cDaQp3Ti","chart",74.146,"hard"
"7u5XdW2fvvpQyQEw2","chart",58.64725,"hard"
"8GZPtZAAnG8Fm4ciK","chart",48.72325,"hard"
"9pdsf5midvhEDBrQa","chart",41.37775,"hard"
"BcJjiDTZjYJvWTCe3","chart",51.72675,"hard"
"CKf5XfBAJpfcGsvT2","chart",34.08725,"hard"
"D6XMoj2aKSjtJSEJf","chart",36.479,"hard"
"EmzJRiyqRKCougYZN","chart",25.63875,"hard"
"Exj6H7bRPSCjPigQm","chart",22.04325,"hard"
"G6zbMK6ZZ9JcN7KgD","chart",27.87575,"hard"
"GDZ999tSLx7bJTjCH","chart",15.61125,"hard"
"HCJjRGzyJLFgbeDem","chart",44.99775,"hard"
"Ke592aJdjyNZ4ntW3","chart",43.6355,"hard"
"KmKn9NMEfj2whSPT2","chart",69.615,"hard"
"LsyvaxixbfNLFBxLj","chart",48.11275,"hard"
"PKgrWHAhesWh7iJ6z","chart",33.66825,"hard"
"PpXojivkwpZLtvhh7","chart",70.33,"hard"
"QzCkGfR5Sqv6EkKD5","chart",44.73775,"hard"
"R2xdmvvBWBFZjLLLj","chart",72.5505,"hard"
"R3xdYFqaJp4J3wGF7","chart",33.108,"hard"
"RHxAXBeu3bNHSrwrH","chart",52.27275,"hard"
"SQGukoGkEKRKRwcDQ","chart",41.1925,"hard"
"SRXvtxnkZ3oFdqzLQ","chart",41.8485,"hard"
"SbBJYTDgm6FCG7xGG","chart",32.61125,"hard"
"Snxk6v7KGNcD3omw3","chart",40.16325,"hard"
"SyhdSuB4y9NgPMA6H","chart",50.92975,"hard"
"W9KmHzPDL9zgejZBv","chart",34.45725,"hard"
"WT6eAuzxb2q9D2dKy","chart",42.1835,"hard"
"Y8MQD9crBw3XCtvHa","chart",42.95975,"hard"
"Y8eiaT7fnGm8vH2s9","chart",64.32,"hard"
"YL7udNgoFoKPu5hF5","chart",101.84925,"hard"
"Yr5Zvv6H9SZSqizrr","chart",65.82375,"hard"
"ZBLBSAhYkJ4YhKXHy","chart",48.11475,"hard"
"ZLTTgMCadn3BcvAuZ","chart",40.576,"hard"
"Zozdc9QR8pqdDuEwD","chart",39.2375,"hard"
"ZvNs6QCxpMBYhpfAo","chart",40.94075,"hard"
"aKpbREh99H6n95KiC","chart",35.624,"hard"
"bByT7Rh9roCmbqaGC","chart",26.02675,"hard"
"bsEpkh7YojCJLghEd","chart",36.3035,"hard"
"cgYyY4fTJXA56ctZL","chart",43.1195,"hard"
"cr57saSB3apE9rfTz","chart",51.28175,"hard"
"d4WEZyZkMm48TdGgs","chart",65.44575,"hard"
"dYCJXPSnQ9T3YobK4","chart",40.2635,"hard"
"dZ8KiZZ2E3tazJAkN","chart",48.998,"hard"
"deejY9yj8hNefPrXY","chart",109.47775,"hard"
"dmd8zDgoEDghk799k","chart",55.06225,"hard"
"g5GEZn5hfoCkLqBLv","chart",33.17675,"hard"
"gfs5G7LwXHLy9S5MP","chart",36.11025,"hard"
"ghaAPFo6Xv3B9BZLK","chart",72.136,"hard"
"hPNTYGwERATDGDmLd","chart",35.18,"hard"
"iQNwNrzPorJeZRigg","chart",84.57625,"hard"
"iZc3BMSXq68FKL3J8","chart",119.70025,"hard"
"jW8hRMBPdt2SJEhZK","chart",83.533,"hard"
"k3iaj4mXTYFhTQGFJ","chart",16.73475,"hard"
"kE4E4E2Zi474xtpKz","chart",59.728,"hard"
"mTp5RGkhAozn3pQki","chart",74.6775,"hard"
"nisosFZ4dTEcXEdk3","chart",43.1675,"hard"
"oS6C28ZBbcjF9ig5X","chart",30.4555,"hard"
"op7kCpeMH7kgetiMX","chart",88.9835,"hard"
"pBWdGHFmTu4Qw4snK","chart",54.74075,"hard"
"pBZkpnAEoktK8YKwE","chart",36.4425,"hard"
"qJgXxS5NHQc7JKZkA","chart",5.00875,"hard"
"qtXFYALWvHiRafMvt","chart",35.4495,"hard"
"rd8ivR2ve6AZXcqWp","chart",34.69975,"hard"
"rpWb9YHJxpBKBy7pb","chart",63.16525,"hard"
"sF9AdTFX7AJhypvCG","chart",65.93675,"hard"
"t44ry6X7EnsvdqB6P","chart",137.13325,"hard"
"tPBRJZguAyGyNN4H8","chart",55.9235,"hard"
"tk8k2evrrS3s6Yw36","chart",28.74025,"hard"
"vAm5piEWXfCXNsY7B","chart",50.17975,"hard"
"vF4rwKEvi8otv5Pmx","chart",69.57375,"hard"
"vKEtys3s8MppqDY9s","chart",116.479,"hard"
"w9xJDy63X4ixWuFvo","chart",56.71375,"hard"
"wHETwTGT8FX5gYBH3","chart",54.74425,"hard"
"xHrZaMN5Gg4n9xQsT","chart",56.01175,"hard"
"xsLJWtHndc8s8WCce","chart",62.45325,"hard"
"zncMWhGYQGmJSzXqa","chart",105.56525,"hard"
"2Q34zAD2zTXRBaKu8","series",83.992,"hard"
"2pWSXLKqvCx7eLRHz","series",34.86375,"hard"
"44MoHdTtHYg8Qim7C","series",40.695,"hard"
"5jp6HzWG9rMCBuRir","series",33.4395,"hard"
"67e6Jh7hWzotbX4Er","series",73.37325,"hard"
"6YiN7fLiZ8SDvsbLQ","series",36.9305,"hard"
"6zyqucmdag4Xa4iSN","series",50.5925,"hard"
"7kwt7pEsqN4qM28QR","series",59.83575,"hard"
"7rxAoRJmJHaX26cqT","series",49.41625,"hard"
"83NZFPecaGdFaxyyt","series",49.74075,"hard"
"8mqew4zMANoi4fjsz","series",47.023,"hard"
"9bnFuHDpLcZFdwqxW","series",62.25325,"hard"
"BgpK75C5uxeoHow2C","series",35.679,"hard"
"CBdaPJBEBq2xTJvgi","series",26.824,"hard"
"CzQsYF2oyREYEL3px","series",34.3705,"hard"
"DAK7qCYagGXaKmTZy","series",63.383,"hard"
"DpfKW34oXPR9XvjKQ","series",43.8125,"hard"
"EB2LaCrRfSNBuQ4vZ","series",46.7325,"hard"
"EbtiYzqZtKd68LSjv","series",70.9015,"hard"
"Eqn4ype3Z9xvpy6jD","series",62.84275,"hard"
"FMACGWEb2mpFmzcy8","series",62.696,"hard"
"FTWQdHzfYQebiCvue","series",44.46925,"hard"
"FqCqdGdj9BARepSne","series",45.42725,"hard"
"HR5hGs4XkMDoDYfhQ","series",94.53475,"hard"
"HStqpovWTqfwSwfpC","series",51.3695,"hard"
"HSzZRx9bSdXWiRdLk","series",32.48725,"hard"
"HYLe8iN7tKsJQZQjt","series",44.7975,"hard"
"HpKs8JeagNQCAHcYx","series",34.8175,"hard"
"HttjEXro9w8B2reDD","series",77.2875,"hard"
"JqfvicGQJXeeKRJ64","series",60.913,"hard"
"JtNC5LZmmsmt7BrXm","series",42.42875,"hard"
"KBG93DoQC4YeksP73","series",41.99175,"hard"
"KDkcqMDJgbEfuyecm","series",43.69025,"hard"
"KSaHABwnWq7vMF8ud","series",49.8625,"hard"
"KXyDP5KMrmHR7bWvw","series",64.4875,"hard"
"KeeScEwzE7d7Y8pjM","series",53.063,"hard"
"Ks7TdoNZwHMhapYuY","series",77.20675,"hard"
"L6hhWSmzt5Gre4bMc","series",73.5735,"hard"
"NLnWB24ANhreeNFuh","series",34.4205,"hard"
"NZrcevWgubZ6E9Lc4","series",69.486,"hard"
"NisupxDZ8oQayBpB5","series",46.45075,"hard"
"NzaXeMLv7jexivZFF","series",108.8785,"hard"
"SQHrrqMRPZPWfD6d3","series",36.09375,"hard"
"SphgvbbrKkYNYaWNd","series",31.26125,"hard"
"TJadZckir3gGdGQj9","series",52.0655,"hard"
"TZKHo2T9ywkiKhPyX","series",58.893,"hard"
"TbhJt2kCMtWXJ387e","series",53.2615,"hard"
"W7XciYuzprjnwgbTP","series",35.72,"hard"
"WW9zqyfyPHjFS6fPR","series",61.76475,"hard"
"We3Btupw8RnuCSnYC","series",44.35675,"hard"
"YDbqWAi595CRKxbjf","series",36.5885,"hard"
"YJzWPZRYPHG3rRrBw","series",40.219,"hard"
"YSX6542MwRYTZdDFW","series",59.683,"hard"
"Z3aTLPbG8wvPy6TzA","series",34.51,"hard"
"ZHNtTdcsi2rTaqr3H","series",79.79825,"hard"
"ZinxDRBpTmbfPbyh3","series",88.18875,"hard"
"anADbMMrWqwy5fpXL","series",108.77725,"hard"
"dLfWKPg4vzZENza7s","series",29.25975,"hard"
"dtQA2mR79kEjZbCtx","series",80.91675,"hard"
"eJLcPS8n3aLYMZetQ","series",32.6865,"hard"
"eWYf558HzqZYTLXjd","series",90.59025,"hard"
"eneKDk3QDTpghzkg5","series",57.9925,"hard"
"fJ9m7KSykZNBKraP9","series",66.1945,"hard"
"fnybrL5hbku3RuxsW","series",43.2975,"hard"
"fqMr9DzgADfvbhEFP","series",46.39125,"hard"
"g8752kBeS4S7Q2bFZ","series",48.73925,"hard"
"gjHnYbyFFisfigApY","series",92.56925,"hard"
"hgYDJshRwxs7egfvX","series",42.15625,"hard"
"iACT8Wc9PosXt7xH6","series",40.073,"hard"
"jT3SAdPp5gfHr4k4n","series",82.09875,"hard"
"jbuSnNTzpPv7iQPGq","series",102.511,"hard"
"kJCFGZGPqBPM5NiEu","series",52.93025,"hard"
"kuA7hMBw2iFfwZ9fw","series",46.9085,"hard"
"mh9p2kSQWvM8uAEK7","series",23.792,"hard"
"nAPiCihqksXL2XbTM","series",69.68775,"hard"
"nPCqhcMdGm39zbLEe","series",44.1025,"hard"
"nnqqJDqAKBySbdvdE","series",30.101,"hard"
"obXkTyEzXzSrubofE","series",49.94575,"hard"
"qNMBxhDWJv2wbJPzh","series",78.798,"hard"
"qZwnWqNYBMnLCHzz2","series",45.603,"hard"
"qjzv49dPMBpv5LSyA","series",45.73275,"hard"
"rP3cpBASPsit6sCMQ","series",36.45925,"hard"
"sndaJBRShTy4bzbPq","series",40.09475,"hard"
"stmcDKF2QPkaxzcxZ","series",38.018,"hard"
"uTbjZ8i4j5enGeHvQ","series",108.8485,"hard"
"uf8PMATFx4hCcscLz","series",42.5915,"hard"
"vF6k2cJjTXN2jH9Jj","series",95.925,"hard"
"vSzr7miAEFuvzip2b","series",58.73325,"hard"
"vTe2CEZbj9q8wkhYc","series",65.6265,"hard"
"vhAsiBXaDHghxPSTn","series",35.9725,"hard"
"wHpjq3hzhkJu5kNHm","series",41.608,"hard"
"wRfXsATRbv699hZeG","series",31.038,"hard"
"wpHaTDLSHxwWcei3T","series",40.67625,"hard"
"wsybRyehJdJyxLfCS","series",51.6825,"hard"
"wtNK7f3ZzgkWHgCEN","series",55.11225,"hard"
"wyjoPhnY2LzWWZAAh","series",40.0015,"hard"
"xrzoyr6xvKMK57tSi","series",34.21825,"hard"
"yMWvDqhxa73veYGvv","series",40.41,"hard"
"44Q3cDweeZi2KdNrQ","dots",43.64525,"hard"
"49wAhBNrW23jx3XXn","dots",28.361,"hard"
"4k5RPShwnGPRsGyT5","dots",45.68875,"hard"
"4yFSjAcLo8Xpb5NBr","dots",39.5945,"hard"
"565FWNPmM73esEnv7","dots",82.22075,"hard"
"5L4DdJBz8gq2Fug2c","dots",63.7905,"hard"
"6bJLH7KTRKX24rdzY","dots",33.17025,"hard"
"6hgn73CdCNRrsor7j","dots",31.81925,"hard"
"6saGvz5mG5TgySvef","dots",82.1895,"hard"
"6uWMQQ6rvPijqaHNb","dots",66.4865,"hard"
"6w7CZYGQNDrpj7Dfp","dots",24.3595,"hard"
"7mkiJ4PwnZGd2X5r3","dots",55.65675,"hard"
"7sxqmnM8jPLCjgvur","dots",91.40375,"hard"
"BGRvy45SSZdLGcDG9","dots",53.943,"hard"
"BRKEpiDsoBxXrNKWE","dots",67.0355,"hard"
"ChMyMnHcj3MDEjgQT","dots",61.681,"hard"
"DAF22qWpCZ47gHCzY","dots",7.59225,"hard"
"DejXtMhqHs5NKZnzH","dots",38.4435,"hard"
"G6dBvgqckNkQ6g2gB","dots",66.9745,"hard"
"GEZt6ZhsCGbMQtuXb","dots",48.113,"hard"
"GJs3xFDrbmEwXYAkh","dots",55.09825,"hard"
"GM4BbQSYSjxzjrERS","dots",47.3085,"hard"
"JTxorRPnKEGqjSq4K","dots",75.60525,"hard"
"Je8XpG9m9hC9hToY4","dots",145.79325,"hard"
"JkH5ARHNWebYz6nGM","dots",60.1995,"hard"
"JodzAGSWFtbvdeSqk","dots",6.59675,"hard"
"KT37QyJpjP4JnFivG","dots",92.316,"hard"
"LHMtg4o7REozFZQst","dots",44.42425,"hard"
"LzuRw7CoatTcNqkTa","dots",46.22225,"hard"
"NQCMNnTz4xWZApaQB","dots",6.61625,"hard"
"NWX67F5zDpwL4WnxW","dots",38.725,"hard"
"PwEBrnoa3rZjouL34","dots",33.58625,"hard"
"QYunZ6tMA7J26vjAd","dots",66.60375,"hard"
"So6vS7RTzcjczT2Ez","dots",47.53725,"hard"
"TX9Dts9gXNPXMz8rB","dots",31.74975,"hard"
"TkfAAFTqB28dK39oz","dots",60.4225,"hard"
"WP5PCfQxB3wEAurmg","dots",52.9885,"hard"
"XYBg97mNbPsE3LvZ3","dots",4.72275,"hard"
"Xvfo9pTPRFTcRWZjk","dots",40.20775,"hard"
"YuvzrAZxcQM3iybyi","dots",60.97125,"hard"
"Z6Hs8C578xLyc3mPW","dots",7.82825,"hard"
"bLmrD6kL2LcejcDGG","dots",56.371,"hard"
"bNfX5RtGxcjjEaQnm","dots",82.1305,"hard"
"ciXN2wMuNmuSQ39g2","dots",38.9615,"hard"
"eFKFSc7w9LpttzJXf","dots",26.79525,"hard"
"eH6KnmqCsvg7MYmLA","dots",29.478,"hard"
"eneTp6w6pA84Mei59","dots",101.71075,"hard"
"fZtpasQDW9KEkvNvm","dots",81.92375,"hard"
"gg3R6eX4snK5WPerg","dots",50.1835,"hard"
"gkKbippZgDj7cmuE5","dots",53.631,"hard"
"gmhXAx3kc6sHGYumc","dots",63.94875,"hard"
"gmmuoNCkMmb4GrMiY","dots",56.58425,"hard"
"h5YWLzcpNyYqbXw6v","dots",8.3485,"hard"
"iZbujpH9ftg6KsTR6","dots",122.99775,"hard"
"in8NNmBKCnkoLWHvR","dots",19.93025,"hard"
"jXZn9X83ef2JJBFwg","dots",51.90875,"hard"
"jpmvJFJDkAy6Qsaxi","dots",29.21025,"hard"
"kR9gXGwgC2SnJsu6q","dots",43.39,"hard"
"mHBGJAQ8ExL8qY4gi","dots",83.237,"hard"
"mjy4Mv3a2yGaMpc4E","dots",78.81925,"hard"
"nFDdWcuugyswBQCMR","dots",49.03475,"hard"
"oA48TCv4sRFG3ocsX","dots",47.08725,"hard"
"oTWN3XnRXhqpNGZsP","dots",34.5385,"hard"
"paX4nvBm9jwDpdR2J","dots",29.7395,"hard"
"qgzmQ77MB9AKcE9Fy","dots",32.67825,"hard"
"qzH7FmBcioiJyuEnY","dots",51.01925,"hard"
"rdBwKfSNTAKQWpsGh","dots",73.013,"hard"
"rvn8bRwTMatqzgReu","dots",75.50625,"hard"
"s3gy6QAtbGfSsgnXT","dots",46.11375,"hard"
"sGYHFWE6HoCL7BoJg","dots",82.3945,"hard"
"tjHryQhhrgRv3h48J","dots",52.8745,"hard"
"toJyc3up66AxtgvGn","dots",65.23225,"hard"
"tu5iL4cwMnkixZFxs","dots",25.9975,"hard"
"uMwnMRnysYSSHpj3X","dots",48.53325,"hard"
"vZtpvuvY6fsNSzFsW","dots",34.29475,"hard"
"wC882gjwdsRsQ8iiS","dots",29.25225,"hard"
"wGNymGb9TrqzwJTbo","dots",33.81725,"hard"
"wThHEfiYtJwhzCsau","dots",37.4605,"hard"
"whoCwcBHkH2qigHRq","dots",50.1375,"hard"
"xqXfF5CnyCgkFJ6a3","dots",47.30925,"hard"
"y6hCAEa6pDy8Gbm67","dots",47.1295,"hard"
"yDuMqTgtWc4G2LQR7","dots",36.204,"hard"
"yqGbGwB4rJziABCxB","dots",28.83975,"hard"
